<application>
  <component name="CPPToolchains" version="7">
    <toolchains detectedVersion="5">
      <toolchain name="Default" toolSetKind="SYSTEM_UNIX_TOOLSET" debuggerKind="BUNDLED_LLDB" />
      <toolchain name="riscv64" toolSetKind="SYSTEM_UNIX_TOOLSET" customCCompilerPath="/usr/local/Cellar/riscv-gnu-toolchain/master/bin/riscv64-unknown-elf-gcc" customCXXCompilerPath="/usr/local/Cellar/riscv-gnu-toolchain/master/bin/riscv64-unknown-elf-g++" debuggerKind="BUNDLED_GDB" />
      <toolchain name="i386" toolSetKind="SYSTEM_UNIX_TOOLSET" customCCompilerPath="/usr/local/bin/x86_64-elf-gcc" customCXXCompilerPath="/usr/local/bin/x86_64-elf-g++" debuggerKind="BUNDLED_GDB" />
      <toolchain name="x86_64" toolSetKind="SYSTEM_UNIX_TOOLSET" customCCompilerPath="/usr/local/bin/x86_64-elf-gcc" customCXXCompilerPath="/usr/local/bin/x86_64-elf-g++" debuggerKind="BUNDLED_GDB" />
    </toolchains>
  </component>
</application>