<toolSet name="SimpleKernel Tools">
  <tool name="bochs-osx-i386/x86_64" description="bochs for osx i386/x86_64 SimpleKernel DEBUG" showInMainMenu="false" showInEditor="false" showInProject="false" showInSearchPopup="false" disabled="false" useConsole="true" showConsoleOnStdOut="false" showConsoleOnStdErr="false" synchronizeAfterRun="true">
    <exec>
      <option name="COMMAND" value="/usr/local/bin/bochs" />
      <option name="PARAMETERS" value="-q -f ./tools/bochsrc_mac.txt -rc ./tools/bochsinit" />
      <option name="WORKING_DIRECTORY" value="$ProjectFileDir$" />
    </exec>
  </tool>
  <tool name="qemu-osx-i386/x86_64" description="qemu for osx i386/x86_64 SimpleKernel DEBUG" showInMainMenu="false" showInEditor="false" showInProject="false" showInSearchPopup="false" disabled="false" useConsole="true" showConsoleOnStdOut="false" showConsoleOnStdErr="false" synchronizeAfterRun="true">
    <exec>
      <option name="COMMAND" value="/usr/local/bin/bochs" />
      <option name="PARAMETERS" value="-cdrom ./simplekernel.iso -m 128M -monitor telnet::2333,server,nowait -serial stdio" />
      <option name="WORKING_DIRECTORY" value="$ProjectFileDir$" />
    </exec>
  </tool>
  <tool name="qemu-osx-riscv64" description="qemu for osx riscv64 SimpleKernel DEBUG" showInMainMenu="false" showInEditor="false" showInProject="false" showInSearchPopup="false" disabled="false" useConsole="true" showConsoleOnStdOut="false" showConsoleOnStdErr="false" synchronizeAfterRun="true">
    <exec>
      <option name="COMMAND" value="/usr/local/bin/qemu-system-riscv64" />
      <option name="PARAMETERS" value="-machine virt -smp 4 -bios ./tools/opensbi/build/platform/generic/firmware/fw_jump.elf -kernel ./build_riscv64/bin/kernel.elf -monitor telnet::2333,server,nowait -serial stdio -nographic" />
      <option name="WORKING_DIRECTORY" value="$ProjectFileDir$" />
    </exec>
  </tool>
  <tool name="qemu-osx-riscv64-debug" description="qemu for osx riscv64 SimpleKernel DEBUG" showInMainMenu="false" showInEditor="false" showInProject="false" showInSearchPopup="false" disabled="false" useConsole="true" showConsoleOnStdOut="false" showConsoleOnStdErr="false" synchronizeAfterRun="true">
    <exec>
      <option name="COMMAND" value="/usr/local/bin/qemu-system-riscv64" />
      <option name="PARAMETERS" value="-machine virt -smp 4 -bios ./tools/opensbi/build/platform/generic/firmware/fw_jump.elf -kernel ./build_riscv64/bin/kernel.elf -monitor telnet::2333,server,nowait -serial stdio -nographic -S -gdb tcp::1234" />
      <option name="WORKING_DIRECTORY" value="$ProjectFileDir$" />
    </exec>
  </tool>
</toolSet>